date,time,batt(v),uvi,med(mins),alt(m),temp(c),temp(f),baro(mb),humd(%),dewpoint(f),heat index(f)
170527,104726,4.0,10.9,13,0.6,29,84,1018,56,66,85
170527,104746,4.0,10.4,7,1.2,29,85,1018,54,66,87
170527,104806,4.0,12.3,10,0.7,30,85,1018,54,67,87
170527,104826,4.0,12.3,4,1.6,30,86,1018,53,66,87
170527,104846,4.0,7.2,8,1.6,30,86,1018,53,66,88
170527,104906,4.0,11.4,7,1.1,30,85,1018,55,67,88
170527,104926,4.0,11.6,5,1.5,30,86,1018,53,67,89
170527,104946,4.0,10.2,5,1.8,30,87,1018,48,65,88
170527,105006,4.0,4.4,10,2,30,85,1018,49,63,86
170527,105026,4.0,12.2,7,1,30,86,1018,51,66,87
170527,105046,4.0,0.8,173,0.6,30,87,1018,52,67,89
170527,105106,4.0,7.6,17,0.7,31,88,1018,50,66,90
170527,105126,4.0,11.3,inf,0,32,90,1018,50,68,93
170527,105146,4.0,11.3,182,0,33,92,1018,47,69,97
170527,105206,4.0,11.4,28,0.3,35,94,1018,43,68,99
170527,105226,4.0,11.4,23,0.3,36,97,1018,40,68,102
170527,105246,4.0,11.4,44,0.2,37,99,1018,38,69,99
170527,105306,4.0,11.4,17,0.5,38,101,1018,37,69,101
170527,105326,4.0,11.5,12,0.7,39,102,1018,35,69,102
170527,105346,4.0,11.5,25,0.3,40,104,1018,34,70,104
170527,105406,4.0,11.5,20,0.4,40,105,1018,33,70,105
170527,105426,4.0,11.5,47,0.2,41,106,1018,32,69,106
170527,105446,4.0,11.5,68,0.1,42,107,1018,31,70,107
170527,105506,4.0,11.5,35,0.2,42,108,1018,32,71,108
170527,105526,4.0,11.5,30,0.3,43,109,1018,29,70,109
170527,105546,4.1,11.5,-129,-0.1,43,110,1018,29,70,110
170527,105606,4.1,11.5,inf,0,44,111,1018,28,70,111
170527,105626,4.0,11.6,inf,0,44,111,1018,28,69,111
170527,105646,4.0,11.6,inf,0,44,112,1018,27,69,112
170527,105705,4.0,11.6,inf,0,45,112,1018,26,69,112
170527,105725,4.0,11.7,inf,0,43,110,1018,26,67,110
170527,105745,4.0,11.5,inf,0,44,111,1018,27,68,111
170527,105805,4.0,11.6,inf,0,44,112,1018,27,70,112
170527,105825,4.0,11.6,inf,0,45,113,1018,27,69,113
170527,105845,4.1,11.6,inf,0,45,113,1018,26,70,113
170527,105905,4.0,11.6,inf,0,45,114,1018,26,70,114
170527,105925,4.0,11.6,inf,0,46,114,1018,25,70,114
170527,105945,4.0,11.7,inf,0,46,115,1018,25,70,115
170527,110005,4.0,11.6,inf,0,46,115,1018,25,70,115
170527,110025,4.0,11.7,inf,0,46,116,1018,25,71,116
170527,110045,4.0,11.7,inf,0,47,116,1018,24,69,116
170527,110104,4.0,11.8,inf,0,47,117,1018,23,70,117
170527,110124,4.0,11.8,inf,0,48,118,1018,23,70,118
170527,110144,4.0,11.8,inf,0,48,119,1018,23,70,119
170527,110204,4.0,11.8,inf,0,49,120,1018,22,70,120
170527,110224,4.1,11.8,inf,0,49,120,1018,22,69,120
170527,110244,4.0,11.8,inf,0,49,121,1018,22,70,121
170527,110304,4.0,11.9,inf,0,49,121,1018,21,68,121
170527,110324,4.0,11.9,inf,0,50,121,1018,21,69,121
170527,110344,4.0,11.9,inf,0,50,122,1018,20,69,122
170527,110404,4.0,11.9,inf,0,50,122,1018,20,69,122
170527,110423,4.0,11.9,inf,0,50,122,1018,21,69,122
170527,110443,4.1,11.9,inf,0,50,122,1018,20,70,122
170527,110503,4.0,12.0,inf,0,50,122,1018,20,70,122
170527,110523,4.0,11.9,inf,0,50,122,1018,21,71,122
170527,110543,4.0,12.0,inf,0,50,122,1018,20,68,122
170527,110603,4.0,12.0,inf,0,50,122,1018,20,68,122
170527,110623,4.0,12.0,inf,0,50,122,1018,20,68,122
170527,110643,4.0,12.0,inf,0,50,123,1018,20,68,123
170527,110703,4.0,12.1,inf,0,50,123,1018,20,70,123
170527,110722,4.0,12.0,inf,0,50,122,1018,21,71,122
170527,110742,4.0,12.1,inf,0,50,122,1018,20,69,122
170527,110802,4.0,12.2,inf,0,50,122,1018,20,69,122
170527,110822,4.0,12.1,inf,0,50,122,1018,20,68,122
170527,110842,4.0,12.1,inf,0,50,122,1018,20,69,122
170527,110902,4.0,12.2,inf,0,50,122,1018,20,68,122
170527,110922,4.0,12.2,inf,0,50,122,1018,21,70,122
170527,110942,4.0,12.2,inf,0,50,122,1018,21,70,122
170527,111002,4.0,12.2,inf,0,50,122,1018,21,70,122
170527,111021,4.0,12.3,inf,0,50,123,1018,20,68,123
170527,111041,4.0,12.3,inf,0,50,123,1018,19,69,123
170527,111101,4.0,12.2,inf,0,50,122,1018,19,68,122
170527,111121,4.0,12.2,inf,0,50,122,1018,20,69,122
170527,111141,4.0,12.1,inf,0,50,122,1018,20,70,122
170527,111201,4.0,12.1,inf,0,50,122,1018,20,68,122
170527,111221,4.0,11.8,inf,0,50,123,1018,20,70,123
170527,111241,4.0,11.9,inf,0,50,122,1018,20,68,122
170527,111300,4.0,11.6,inf,0,49,120,1018,22,69,120
170527,111320,4.0,12.2,inf,0,48,119,1018,22,68,119
170527,111340,4.0,12.3,inf,0,49,120,1018,21,68,120
170527,111400,4.0,12.2,inf,0,49,120,1018,19,67,120
170527,111420,4.0,12.1,inf,0,50,121,1018,20,67,121
170527,111440,4.0,12.3,inf,0,50,122,1018,20,69,122
170527,111500,4.0,12.1,inf,0,50,122,1018,21,70,122
170527,111520,4.0,12.4,inf,0,50,123,1018,20,70,123
170527,111540,4.0,12.3,inf,0,50,123,1018,19,67,123
170527,111559,4.0,12.3,inf,0,50,123,1018,19,67,123
170527,111619,4.0,12.3,inf,0,50,123,1018,19,69,123
170527,111639,4.0,12.2,inf,0,50,123,1018,19,68,123
170527,111659,4.0,12.2,inf,0,50,123,1018,20,69,123
170527,111719,4.0,12.3,inf,0,51,123,1018,20,69,123
170527,111739,4.0,12.5,inf,0,51,124,1018,20,70,124
170527,111759,4.0,12.5,inf,0,51,123,1018,20,69,123
170527,111819,4.0,12.6,inf,0,50,122,1018,21,71,122
170527,111839,4.0,12.6,inf,0,49,120,1018,19,65,120
170527,111858,4.0,12.6,inf,0,49,121,1018,20,67,121
170527,111918,4.0,12.6,inf,0,50,121,1018,20,69,121
170527,111938,4.0,12.7,inf,0,50,121,1018,20,69,121
170527,111958,4.0,12.7,inf,0,50,122,1018,20,68,122
170527,112018,4.0,12.7,inf,0,50,122,1018,20,68,122
170527,112038,4.0,12.8,inf,0,51,123,1018,20,69,123
170527,112058,4.0,12.8,inf,0,51,123,1018,20,69,123
170527,112118,4.0,12.8,inf,0,51,124,1018,20,69,124
170527,112137,4.0,12.9,inf,0,51,123,1018,19,69,123
170527,112157,4.0,12.8,inf,0,50,122,1018,17,65,122
170527,112217,4.0,12.8,inf,0,49,120,1018,18,65,120
170527,112237,4.0,12.8,inf,0,50,121,1018,20,67,121
170527,112257,4.0,12.8,inf,0,49,120,1018,19,65,120
170527,112317,4.0,12.9,inf,0,49,121,1018,20,67,121
170527,112337,4.0,12.9,inf,0,49,121,1018,20,67,121
170527,112357,4.0,12.9,inf,0,49,120,1018,20,67,120
170527,112417,4.0,12.9,inf,0,49,121,1018,19,67,121
170527,112436,4.0,12.9,inf,0,49,120,1018,18,65,120
170527,112456,4.0,12.9,inf,0,47,117,1018,18,62,117
170527,112516,4.0,13.0,inf,0,47,117,1018,18,62,117
170527,112536,4.0,13.0,inf,0,47,117,1018,19,63,117
170527,112556,4.0,13.0,inf,0,47,117,1018,19,63,117
170527,112616,4.0,12.8,inf,0,48,118,1018,20,64,118
170527,112636,4.0,12.8,inf,0,48,118,1018,19,63,118
170527,112656,4.0,12.9,inf,0,48,118,1018,20,66,118
170527,112716,4.0,13.0,inf,0,48,119,1018,21,67,119
170527,112736,4.0,13.1,inf,0,48,119,1018,21,67,119
170527,112755,4.0,13.1,inf,0,48,119,1018,22,68,119
170527,112815,4.0,13.1,inf,0,48,119,1018,20,67,119
170527,112835,4.0,13.2,inf,0,48,119,1018,19,65,119
170527,112855,4.0,13.2,inf,0,49,119,1018,19,66,119
170527,112915,4.0,13.2,inf,0,49,120,1018,19,65,120
170527,112935,4.0,13.2,inf,0,49,120,1018,18,63,120
170527,112955,4.0,13.2,inf,0,48,119,1018,18,64,119
170527,113015,4.0,13.3,inf,0,48,118,1018,22,68,118
170527,113035,4.0,13.3,inf,0,48,118,1018,21,66,118
170527,113055,4.0,13.3,inf,0,47,117,1018,20,64,117
170527,113114,4.0,13.3,inf,0,47,116,1018,20,63,116
170527,113134,4.0,13.3,inf,0,47,116,1018,19,63,116
170527,113154,4.0,13.3,inf,0,46,116,1018,19,63,116
170527,113214,4.0,13.3,inf,0,47,117,1018,19,62,117
170527,113234,4.0,13.4,inf,0,46,114,1018,20,62,114
170527,113254,4.0,13.4,inf,0,45,113,1018,20,62,113
170527,113314,4.0,13.4,inf,0,45,113,1018,20,63,113
170527,113334,4.0,13.4,inf,0,44,112,1018,21,61,112
170527,113354,4.0,13.4,inf,0,44,111,1018,21,61,111
170527,113414,4.0,13.4,inf,0,44,111,1018,21,62,111
170527,113434,4.0,13.4,inf,0,43,110,1018,22,62,110
170527,113453,4.0,13.4,inf,0,43,109,1018,23,61,109
170527,113513,4.0,13.4,inf,0,43,109,1018,22,62,109
170527,113533,4.0,13.4,inf,0,43,110,1018,25,65,110
170527,113553,4.0,13.4,inf,0,43,109,1018,23,63,109
170527,113613,4.0,13.6,405,0,43,109,1018,22,62,109
170527,113633,4.0,13.5,13,0.5,42,108,1018,23,62,108
170527,113653,4.0,13.5,20,0.3,42,108,1018,23,62,108
170527,113713,4.0,13.6,inf,0,42,107,1018,23,61,107
170527,113733,4.0,13.6,inf,0,41,107,1018,24,61,107
170527,113753,4.0,13.6,inf,0,41,106,1018,25,63,106
170527,113813,4.0,13.7,inf,0,42,108,1018,26,64,108
170527,113833,4.0,13.7,inf,0,42,108,1018,24,64,108
170527,113853,4.0,13.7,17,0.4,43,110,1018,23,63,110
170527,113913,4.0,13.7,26,0.2,44,111,1018,23,64,111
170527,113932,4.0,13.7,inf,0,44,112,1018,25,67,112
170527,113952,4.0,13.5,inf,0,45,112,1018,25,67,112
170527,114012,4.0,13.4,27,0.2,44,111,1018,25,67,111
170527,114032,4.0,13.5,522,0,44,111,1018,25,67,111
170527,114052,4.0,13.6,12,0.6,44,111,1018,26,68,111
170527,114112,4.0,13.6,67,0.1,43,110,1018,28,69,110
170527,114132,4.0,13.5,60,0.1,43,109,1018,28,69,109
170527,114152,4.0,13.5,inf,0,44,110,1018,28,69,110
170527,114212,4.0,13.4,15,0.4,44,111,1018,28,70,111
170527,114232,4.0,13.5,36,0.2,44,112,1018,27,70,112
170527,114252,4.0,13.4,22,0.3,45,113,1018,26,68,113
170527,114311,4.0,13.4,71,0.1,45,113,1018,24,68,113
170527,114331,4.0,13.4,52,0.1,45,114,1018,25,68,114
170527,114351,4.0,13.0,inf,0,46,114,1018,25,69,114
170527,114411,4.0,12.3,30,0.2,45,113,1018,26,70,113
170527,114431,4.0,13.4,56,0.1,45,112,1018,25,68,112
170527,114451,4.0,13.7,55,0.1,45,113,1018,24,66,113
170527,114511,4.0,13.7,853,0,45,113,1018,23,66,113
170527,114531,4.0,13.9,13,0.5,45,113,1018,22,64,113
170527,114551,4.0,13.8,28,0.2,45,113,1018,22,63,113
170527,114611,4.0,13.9,14,0.4,45,113,1018,21,63,113
170527,114631,4.0,13.8,91,0.1,44,112,1018,21,63,112
170527,114651,4.0,13.9,11,0.6,44,112,1018,22,63,112
170527,114710,4.0,14.0,inf,0,45,112,1018,21,63,112
170527,114730,4.0,14.0,11,0.6,44,112,1018,22,63,112
170527,114750,4.0,14.0,11,0.6,44,111,1018,22,62,111
170527,114810,4.0,14.0,inf,0,44,110,1018,24,65,110
170527,114830,4.0,13.9,inf,0,44,111,1018,26,67,111
170527,114850,4.0,13.9,inf,0,44,111,1018,23,65,111
170527,114910,4.0,13.9,inf,0,43,109,1018,23,62,109
170527,114930,4.0,13.7,13,0.5,44,111,1018,23,64,111
170527,114950,4.0,13.8,inf,0,44,111,1018,22,64,111
170527,115010,4.0,13.3,52,0.1,44,111,1018,22,63,111
170527,115030,4.0,13.3,44,0.2,44,112,1018,22,64,112
170527,115050,4.0,13.5,inf,0,45,114,1018,21,64,114
170527,115110,4.0,13.8,10,0.6,45,113,1018,22,63,113
170527,115129,4.0,14.0,inf,0,44,111,1018,22,63,111
170527,115149,4.0,14.0,26,0.2,44,112,1018,22,64,112
170527,115209,4.0,14.0,inf,0,45,113,1018,21,63,113
170527,115229,4.0,14.0,247,0,44,111,1018,22,62,111
170527,115249,4.0,14.0,53,0.1,44,111,1018,22,63,111
170527,115309,4.0,14.0,24,0.3,44,111,1018,22,63,111
170527,115329,4.0,14.0,836,0,44,111,1018,22,63,111
170527,115349,4.0,14.0,9,0.7,44,111,1018,22,63,111
170527,115409,4.0,14.0,35,0.2,44,111,1018,23,63,111
170527,115429,4.0,13.9,inf,0,44,111,1018,23,63,111
170527,115449,4.0,13.9,11,0.6,44,112,1018,22,64,112
170527,115509,4.0,13.9,10,0.6,44,111,1018,22,64,111
170527,115529,4.0,14.0,7,0.9,44,111,1018,22,62,111
170527,115548,4.0,14.0,13,0.5,44,111,1018,22,63,111
170527,115608,4.0,14.0,15,0.4,44,111,1018,22,63,111
170527,115628,4.0,14.0,6,1,44,112,1018,22,64,112
170527,115648,4.0,14.0,16,0.4,44,111,1018,22,63,111
170527,115708,4.0,14.1,11,0.6,44,111,1018,22,63,111
170527,115728,4.0,14.0,15,0.4,43,110,1018,23,63,110
170527,115748,4.0,14.2,16,0.4,45,112,1018,22,63,112
170527,115808,4.0,14.1,138,0,45,112,1018,22,63,112
170527,115828,4.0,14.2,26,0.2,44,112,1018,22,62,112
170527,115848,4.0,14.3,18,0.3,45,112,1018,23,64,112
170527,115908,4.0,14.3,21,0.3,45,113,1018,22,65,113
170527,115928,4.0,14.4,inf,0,46,114,1018,23,67,114
170527,115947,4.0,14.3,inf,0,46,115,1018,23,67,115
170527,120007,4.0,14.3,11,0.5,45,113,1018,25,67,113
170527,120027,4.0,14.2,21,0.3,44,112,1018,22,64,112
170527,120047,4.0,14.3,inf,0,46,114,1018,22,66,114
170527,120107,4.0,14.1,inf,0,46,114,1018,23,66,114
170527,120127,4.0,13.9,inf,0,46,114,1018,24,67,114
170527,120147,4.0,13.5,inf,0,46,116,1018,25,70,116
170527,120207,4.0,12.3,inf,0,46,115,1018,25,69,115
170527,120227,4.0,12.0,13,0.6,45,114,1018,24,67,114
170527,120247,4.0,13.3,31,0.2,44,111,1018,23,63,111
170527,120307,4.0,13.5,13,0.5,44,110,1018,22,63,110
170527,120326,4.0,13.5,14,0.5,44,111,1018,22,63,111
170527,120346,4.0,13.6,14,0.5,43,110,1018,22,62,110
170527,120406,4.0,13.8,8,0.8,44,111,1018,22,64,111
170527,120426,4.0,13.7,inf,0,44,111,1018,22,63,111
170527,120446,4.0,13.6,inf,0,44,111,1018,22,63,111
170527,120506,4.0,14.1,inf,0,43,110,1018,22,63,110
170527,120526,4.0,14.3,20,0.3,42,108,1018,24,62,108
170527,120546,4.0,14.4,23,0.3,42,107,1018,24,63,107
170527,120606,4.0,14.4,8,0.7,43,109,1018,23,63,109
170527,120626,4.0,14.3,25,0.3,43,109,1018,23,63,109
170527,120646,4.0,14.5,12,0.5,43,109,1018,23,63,109
170527,120706,4.0,14.4,10,0.6,43,109,1018,23,63,109
170527,120726,4.0,14.4,17,0.4,44,111,1018,22,63,111
170527,120746,4.0,14.4,49,0.1,45,112,1018,22,63,112
170527,120805,4.0,14.5,45,0.1,45,113,1018,22,63,113
170527,120825,4.0,14.6,inf,0,45,113,1018,26,69,113
170527,120845,4.0,14.6,59,0.1,45,114,1018,26,70,114
170527,120905,4.0,14.6,13,0.5,45,113,1018,22,63,113
170527,120925,4.0,14.4,inf,0,45,113,1018,21,64,113
170527,120945,4.0,14.4,inf,0,45,114,1018,21,63,114
170527,121005,4.0,14.5,inf,0,45,112,1018,21,62,112
170527,121025,4.0,14.4,19,0.3,43,110,1018,22,62,110
170527,121045,4.0,14.5,inf,0,42,108,1018,23,62,108
170527,121105,4.0,14.6,223,0,41,106,1018,24,62,106
170527,121125,4.0,14.6,20,0.3,42,108,1018,24,62,108
170527,121145,4.0,14.7,125,0,42,108,1018,24,62,108
170527,121204,4.0,14.7,15,0.4,43,110,1018,23,62,110
170527,121224,4.0,14.7,7,0.9,43,110,1018,22,63,110
170527,121244,4.0,14.7,9,0.7,43,110,1018,23,62,110
170527,121304,4.0,14.6,35,0.2,43,110,1018,23,63,110
170527,121324,4.0,14.6,10,0.6,44,111,1018,24,66,111
170527,121344,4.0,14.6,18,0.3,45,113,1018,26,68,113
170527,121404,4.0,14.6,317,0,45,113,1018,26,69,113
170527,121424,4.0,14.6,30,0.2,45,113,1018,27,71,113
170527,121444,4.0,14.7,10,0.6,45,113,1018,26,70,113
170527,121504,4.0,14.8,12,0.5,45,113,1018,23,65,113
170527,121524,4.0,14.8,8,0.7,45,113,1018,21,64,113
170527,121544,4.0,14.8,6,1,43,110,1018,22,61,110
170527,121603,4.0,14.8,15,0.4,44,110,1018,22,63,110
170527,121623,4.0,14.8,7,0.8,45,112,1018,22,63,112
170527,121643,4.0,14.8,6,1,45,113,1018,21,63,113
170527,121703,4.0,14.8,6,1.1,45,113,1018,21,63,113
170527,121723,4.0,14.7,11,0.6,46,114,1018,21,63,114
170527,121743,4.0,14.7,inf,0,46,115,1018,20,64,115
170527,121803,4.0,14.7,14,0.4,46,115,1018,20,63,115
170527,121823,4.0,14.8,-66,-0.1,47,116,1018,21,66,116
170527,121843,4.0,14.8,65,0.1,47,117,1018,24,69,117
170527,121903,4.0,14.9,18,0.3,46,115,1018,25,70,115
170527,121923,4.0,14.8,21,0.3,46,115,1018,26,70,115
170527,121942,4.0,14.9,8,0.8,46,115,1018,26,70,115
170527,122002,4.0,14.7,10,0.6,46,114,1018,25,69,114
170527,122022,4.0,14.9,11,0.5,46,115,1018,22,67,115
170527,122042,4.0,14.9,7,0.8,47,117,1018,23,68,117
170527,122102,4.0,15.0,7,0.9,47,117,1018,22,67,117
170527,122122,4.0,15.0,5,1.1,47,117,1018,20,64,117
170527,122142,4.0,14.9,5,1.1,46,115,1018,20,64,115
170527,122202,4.0,14.9,7,0.9,45,114,1018,20,63,114
170527,122222,4.0,14.9,5,1.2,45,114,1018,21,63,114
170527,122242,4.0,15.0,6,0.9,44,111,1018,21,62,111
170527,122301,4.0,15.0,4,1.3,44,111,1018,22,62,111
170527,122321,4.0,15.0,7,0.8,44,112,1018,22,63,112
170527,122341,4.0,15.0,4,1.4,45,113,1018,21,63,113
170527,122401,4.0,15.0,7,0.8,45,113,1018,21,62,113
170527,122421,4.0,15.0,8,0.7,45,113,1018,21,62,113
170527,122441,4.0,14.7,5,1.2,44,111,1018,22,63,111
170527,122501,4.0,14.4,4,1.5,45,112,1018,22,63,112
170527,122521,4.0,14.7,6,1,45,113,1018,21,63,113
170527,122541,4.0,14.5,9,0.7,45,112,1018,21,63,112
170527,122601,4.0,13.9,7,0.9,45,113,1018,21,64,113
170527,122621,4.0,12.6,9,0.8,45,113,1018,21,64,113
170527,122641,4.0,13.1,16,0.4,45,114,1018,21,63,114
170527,122700,4.0,13.1,1035,0,46,115,1018,21,64,115
170527,122720,4.0,14.3,31,0.2,47,116,1018,23,69,116
170527,122740,4.0,14.9,44,0.1,47,116,1018,25,71,116
170527,122800,4.0,15.0,148,0,46,115,1018,26,72,115
170527,122820,4.0,15.0,18,0.3,45,114,1018,27,71,114
170527,122840,4.0,15.1,19,0.3,44,112,1018,28,71,112
170527,122900,4.0,15.1,8,0.8,45,113,1018,28,72,113
170527,122920,4.0,15.0,20,0.3,45,113,1018,26,69,113
170527,122940,4.0,15.0,9,0.7,46,114,1018,26,70,114
170527,123000,4.0,15.1,6,1,46,116,1018,25,70,116
170527,123019,4.0,14.8,5,1.2,47,116,1018,24,70,116
170527,123039,4.0,15.1,11,0.6,47,116,1018,25,71,116
170527,123059,4.0,15.1,7,0.9,47,117,1018,25,71,117
170527,123119,4.0,15.1,8,0.7,48,118,1018,24,70,118
170527,123139,4.0,15.1,6,1,48,118,1018,24,70,118
170527,123159,4.0,15.1,8,0.7,48,118,1018,23,69,118
170527,123219,4.0,15.1,6,0.9,48,119,1018,22,70,119
170527,123239,4.0,15.1,7,0.8,49,120,1018,22,70,120
170527,123259,4.0,15.0,14,0.4,49,120,1018,22,69,120
170527,123319,4.0,15.1,9,0.6,49,120,1018,22,69,120
170527,123338,4.0,15.1,8,0.7,48,119,1018,22,70,119
170527,123358,4.0,15.2,66,0.1,49,120,1018,22,71,120
170527,123418,4.0,15.1,8,0.7,48,118,1018,21,68,118
170527,123438,4.0,15.1,20,0.3,49,119,1018,22,69,119
170527,123458,4.0,15.1,7,0.8,49,120,1018,22,69,120
170527,123518,4.0,15.1,17,0.3,49,120,1018,22,71,120
170527,123538,4.0,15.2,12,0.5,49,120,1018,23,71,120
170527,123558,4.0,15.2,92,0.1,49,121,1018,23,72,121
170527,123617,4.0,15.2,10,0.6,49,121,1018,23,73,121
170527,123637,4.0,15.1,12,0.5,49,121,1018,23,73,121
170527,123657,4.0,15.1,11,0.5,49,120,1018,23,72,120
170527,123717,4.0,15.0,14,0.4,49,120,1018,23,72,120
170527,123737,4.0,15.0,11,0.5,49,120,1018,23,71,120
170527,123757,4.0,15.1,8,0.7,49,120,1018,22,71,120
170527,123817,4.0,15.2,16,0.4,49,121,1018,23,71,121
170527,123837,4.0,15.0,13,0.5,49,121,1018,23,71,121
170527,123857,4.0,15.0,8,0.7,49,121,1018,23,73,121
170527,123917,4.0,15.0,20,0.3,50,121,1018,23,73,121
170527,123936,4.0,15.1,27,0.2,50,122,1018,23,72,122
170527,123956,4.0,15.2,104,0.1,50,122,1018,23,74,122
170527,124016,4.0,15.4,27,0.2,50,122,1018,23,72,122
170527,124036,4.0,15.3,40,0.1,50,121,1018,23,73,121
170527,124056,4.0,15.3,16,0.4,49,121,1018,24,72,121
170527,124116,4.0,15.3,27,0.2,49,120,1018,24,73,120
170527,124136,4.0,15.3,11,0.5,49,120,1018,24,72,120
170527,124156,4.0,15.3,11,0.5,49,120,1018,23,70,120
170527,124215,4.0,15.3,9,0.7,49,120,1018,22,70,120
170527,124235,4.0,15.3,10,0.6,49,120,1018,22,69,120
170527,124255,4.0,15.4,5,1.1,49,120,1018,22,71,120
170527,124315,4.0,15.4,6,0.9,49,120,1018,22,71,120
170527,124335,4.0,15.4,15,0.4,49,120,1018,23,71,120
170527,124355,4.0,15.4,6,0.9,49,120,1018,23,71,120
170527,124415,4.0,15.3,5,1.1,49,120,1018,23,72,120
170527,124435,4.0,15.3,12,0.5,49,120,1018,23,72,120
170527,124455,4.0,15.3,9,0.7,49,120,1018,23,72,120
170527,124514,4.0,15.3,9,0.6,49,120,1018,22,70,120
170527,124534,4.0,15.2,7,0.8,49,119,1018,22,70,119
170527,124554,4.0,15.3,9,0.6,49,120,1018,23,71,120
170527,124614,4.0,15.3,8,0.8,49,120,1018,22,71,120
170527,124634,4.0,15.3,8,0.8,49,120,1018,23,71,120
170527,124654,4.0,15.4,9,0.6,49,120,1018,23,72,120
170527,124714,4.0,15.4,5,1.1,49,120,1018,24,72,120
170527,124734,4.0,15.5,5,1.1,48,119,1018,23,71,119
170527,124754,4.0,15.4,9,0.6,49,119,1018,23,72,119
170527,124813,4.0,15.3,5,1.2,49,119,1018,24,72,119
170527,124833,4.0,15.4,6,0.9,49,120,1018,24,72,120
170527,124853,4.0,15.0,3,1.7,49,119,1018,24,71,119
170527,124913,4.0,14.8,4,1.6,48,119,1018,24,72,119
170527,124933,4.0,14.7,4,1.5,49,119,1018,24,71,119
170527,124953,4.0,14.8,4,1.5,49,120,1018,22,70,120
170527,125013,4.0,14.7,5,1.3,48,119,1018,22,69,119
170527,125033,4.0,14.7,4,1.3,49,119,1018,22,70,119
170527,125053,4.0,14.7,5,1.1,48,119,1018,23,70,119
170527,125113,4.0,14.8,4,1.5,49,119,1018,22,70,119
170527,125132,4.0,14.8,11,0.5,48,119,1018,23,71,119
170527,125152,4.0,2.2,46,0.9,47,117,1018,24,71,117
170527,125212,4.0,14.6,6,1,46,115,1018,25,70,115
170527,125232,4.0,14.0,7,0.9,46,115,1018,25,69,115
170527,125252,4.0,14.6,5,1.2,46,114,1018,26,70,114
170527,125312,4.0,14.8,4,1.4,46,114,1018,26,71,114
170527,125332,4.0,14.7,6,1,46,114,1018,26,71,114
170527,125352,4.0,14.8,5,1.3,46,114,1018,26,71,114
170527,125412,4.0,14.3,7,0.8,46,115,1018,26,70,115
170527,125432,4.0,14.7,4,1.4,46,114,1018,26,71,114
170527,125452,4.0,2.1,33,1.3,46,115,1018,26,70,115
170527,125511,4.0,2.2,27,1.5,46,115,1018,25,70,115
170527,125531,4.0,14.8,4,1.5,46,114,1018,25,69,114
170527,125551,4.0,14.8,4,1.4,46,115,1018,25,70,115
170527,125611,4.0,14.7,3,1.9,46,115,1018,25,71,115
170527,125631,4.0,14.7,5,1.3,46,115,1018,26,72,115
170527,125651,4.0,14.7,3,1.7,47,116,1018,26,72,116
170527,125711,4.0,14.6,3,1.8,47,116,1018,26,71,116
170527,125731,4.0,3.6,17,1.5,46,116,1018,25,70,116
170527,125751,4.0,14.8,4,1.4,46,115,1018,25,70,115
170527,125811,4.0,2.2,20,2,46,114,1018,27,72,114
170527,125831,4.0,14.8,3,2.2,45,113,1018,26,69,113
170527,125850,4.0,14.8,3,2.3,45,113,1018,26,69,113
170527,125910,4.0,14.8,3,2.1,44,112,1018,27,70,112
170527,125930,4.0,2.3,20,1.9,44,112,1018,29,71,112
170527,125950,4.0,14.8,3,2.3,44,111,1018,26,69,111
170527,130010,4.0,14.8,2,2.5,44,111,1018,28,70,111
170527,130030,4.0,2.1,20,2,44,111,1018,28,71,111
170527,130050,4.0,2.2,16,2.6,44,111,1017,28,71,111
170527,130110,4.0,14.7,3,2.2,44,111,1018,29,70,111
170527,130130,4.0,14.7,3,2.4,44,111,1018,29,70,111
170527,130150,4.0,14.6,2,2.6,43,110,1017,28,70,110
170527,130210,4.0,14.3,2,2.7,43,110,1017,29,69,110
170527,130230,4.0,11.2,3,2.6,43,110,1017,30,70,110
170527,130250,4.0,14.5,2,2.7,43,110,1017,30,70,110
170527,130309,4.0,14.8,2,2.8,43,110,1017,29,70,110
170527,130329,4.0,14.9,2,2.6,43,109,1017,28,69,109
170527,130349,4.0,15.0,2,2.7,43,110,1017,29,69,110
170527,130409,4.0,15.0,2,2.8,43,110,1017,29,70,110
170527,130429,4.0,14.9,2,3.3,43,110,1017,28,68,110
170527,130449,4.0,12.2,2,3.3,43,109,1017,28,69,109
170527,130509,4.0,14.8,2,3.1,43,109,1017,29,69,109
170527,130529,4.0,14.8,2,2.7,43,110,1017,30,70,110
170527,130549,4.0,14.9,3,2.3,43,110,1018,29,70,110
170527,130609,4.0,14.8,2,2.6,44,110,1017,30,71,110
170527,130629,4.0,15.0,2,2.5,44,110,1018,29,71,110
170527,130649,4.0,14.8,3,2.3,43,110,1018,29,71,110
170527,130709,4.0,13.4,3,2.4,43,110,1018,31,71,110
170527,130728,4.0,14.9,3,2.1,43,110,1018,31,72,110
170527,130748,4.0,14.8,3,2.1,43,110,1018,29,70,110
170527,130808,4.0,14.9,3,2.1,43,110,1018,29,70,110
170527,130828,4.0,14.9,2,2.5,44,110,1018,29,70,110
170527,130848,4.0,14.9,3,2.2,44,111,1018,29,71,111
170527,130908,4.0,14.0,3,2.2,44,111,1018,28,70,111
170527,130928,4.0,14.8,3,2,44,111,1018,29,70,111
170527,130948,4.0,14.7,3,2.3,44,110,1018,29,71,110
170527,131008,4.0,14.7,3,2.2,43,110,1018,28,70,110
170527,131028,4.0,14.7,3,2.1,43,110,1018,29,69,110
170527,131048,4.0,14.8,2,2.5,43,110,1018,31,71,110
170527,131108,4.0,14.9,3,2.4,43,110,1018,30,71,110
170527,131128,4.0,15.1,3,2.1,43,110,1018,30,71,110
170527,131148,4.0,15.1,2,2.7,43,110,1017,29,70,110
170527,131207,4.0,15.0,3,2.2,43,110,1018,29,70,110
170527,131227,4.0,14.9,3,2.2,44,111,1018,29,70,111
170527,131247,4.0,15.0,3,2.1,44,110,1018,28,70,110
170527,131307,4.0,15.0,3,2.3,43,110,1018,29,71,110
170527,131327,4.0,14.9,3,2.4,43,110,1018,29,70,110
170527,131347,4.0,15.0,2,2.4,44,110,1018,29,71,110
170527,131407,4.0,14.9,2,2.4,44,111,1018,30,71,111
170527,131427,4.0,14.8,2,2.5,44,111,1017,29,71,111
170527,131447,4.0,14.9,2,3,44,111,1017,29,71,111
170527,131507,4.0,15.0,2,3.1,44,112,1017,29,71,112
170527,131527,4.0,15.1,2,3.2,45,112,1017,28,70,112
170527,131546,4.0,15.0,2,2.7,45,112,1017,28,70,112
170527,131606,4.0,14.9,2,2.6,45,113,1017,28,71,113
170527,131626,4.0,14.9,2,2.6,45,112,1017,27,70,112
170527,131646,4.0,14.9,3,2.1,45,112,1018,27,69,112
170527,131706,4.0,14.9,2,2.5,45,112,1018,27,70,112
170527,131726,4.0,14.9,2,2.8,45,113,1017,27,71,113
170527,131746,4.0,15.0,2,2.8,45,112,1017,27,70,112
170527,131806,4.0,15.0,2,2.6,44,112,1017,28,70,112
170527,131826,4.0,14.9,2,2.4,44,112,1018,29,72,112
170527,131846,4.0,14.9,2,3,45,112,1017,28,71,112
170527,131906,4.0,14.9,2,3.3,45,113,1017,28,71,113
170527,131926,4.0,14.9,2,3.4,45,112,1017,28,72,112
170527,131945,4.0,2.6,11,3.2,45,112,1017,28,71,112
170527,132005,4.0,14.9,2,3.6,45,112,1017,28,70,112
170527,132025,4.0,14.8,2,3.6,45,112,1017,29,71,112
170527,132045,4.0,2.2,13,3,45,113,1017,28,72,113
170527,132105,4.0,8.0,4,3,45,113,1017,28,72,113
170527,132125,4.0,14.8,2,3.7,45,112,1017,28,71,112
170527,132145,4.0,14.8,2,3.2,45,112,1017,28,70,112
170527,132205,4.0,14.9,2,3.2,45,113,1017,27,71,113
170527,132225,4.0,14.9,2,3.2,45,113,1017,28,71,113
170527,132245,4.0,2.2,12,3.2,45,113,1017,27,71,113
170527,132304,4.0,14.9,2,3,45,113,1017,28,72,113
170527,132324,4.0,14.9,2,3.5,45,114,1017,27,71,114
170527,132344,4.0,14.9,2,2.9,45,113,1017,28,71,113
170527,132404,4.0,14.9,2,3.2,45,114,1017,28,71,114
170527,132424,4.0,15.0,2,3.2,45,114,1017,28,73,114
170527,132444,4.0,15.0,2,3.3,45,114,1017,29,74,114
170527,132504,4.0,15.1,2,3.3,45,114,1017,29,73,114
170527,132524,4.0,5.5,5,3.3,45,114,1017,29,73,114
170527,132544,4.0,15.0,2,3.3,45,114,1017,28,72,114
170527,132604,4.0,14.9,2,3,45,114,1017,29,73,114
170527,132623,4.0,14.9,2,3.6,45,114,1017,28,72,114
170527,132643,4.0,14.8,2,3.3,45,114,1017,28,72,114
170527,132703,4.0,14.6,2,3.2,45,113,1017,29,72,113
170527,132723,4.0,14.8,2,2.6,45,113,1017,28,72,113
170527,132743,4.0,14.8,2,3.1,45,113,1017,28,72,113
170527,132803,4.0,14.8,2,3.1,45,112,1017,28,71,112
170527,132823,4.0,2.3,11,3.6,44,112,1017,29,72,112
170527,132843,4.0,14.6,2,3.1,44,112,1017,29,71,112
170527,132903,4.0,14.5,2,2.9,44,111,1017,29,72,111
170527,132923,4.0,14.5,2,3.3,44,111,1017,29,71,111
170527,132942,4.0,14.6,2,3.2,44,111,1017,30,71,111
170527,133002,4.0,14.6,2,2.9,44,111,1017,30,72,111
170527,133022,4.0,14.7,2,2.8,44,111,1017,30,73,111
170527,133042,4.0,14.7,2,3.4,43,110,1017,31,72,110
170527,133102,4.0,14.8,2,3.1,43,110,1017,31,72,110
170527,133122,4.0,14.9,2,3.3,43,110,1017,31,72,110
170527,133142,4.0,14.8,2,3.3,43,109,1017,32,71,109
170527,133202,4.0,14.7,2,2.4,42,107,1018,33,71,107
170527,133222,4.0,14.6,2,3.1,42,107,1017,33,72,107
170527,133242,4.0,14.8,2,2.8,42,108,1017,33,72,108
170527,133301,4.0,14.8,2,2.5,42,108,1018,33,73,108
170527,133321,4.0,14.8,2,2.7,42,107,1017,33,72,107
170527,133341,4.0,14.8,2,2.9,42,108,1017,33,72,108
170527,133401,4.0,14.8,2,3,42,108,1017,33,72,108
170527,133421,4.0,2.1,14,3.1,43,109,1017,32,71,109
170527,133441,4.0,14.7,2,2.9,43,109,1017,32,72,109
170527,133501,4.0,14.7,2,2.7,43,109,1017,32,72,109
170527,133521,4.0,14.7,2,2.5,43,109,1018,32,73,109
170527,133541,4.0,14.7,2,3,43,109,1017,32,73,109
170527,133601,4.0,9.5,3,2.7,43,110,1017,31,72,110
170527,133621,4.0,14.7,2,2.6,43,110,1017,31,72,110
170527,133640,4.0,14.7,2,2.8,43,110,1017,31,72,110
170527,133700,4.0,14.7,2,2.7,43,110,1017,31,72,110
170527,133720,4.0,14.7,2,3.1,43,109,1017,32,72,109
170527,133740,4.0,14.6,2,3.3,43,109,1017,32,72,109
170527,133800,4.0,14.6,2,3.4,42,108,1017,33,72,108
170527,133820,4.0,14.6,2,3,42,107,1017,33,71,107
170527,133840,4.0,14.5,2,2.5,41,107,1018,33,70,107
170527,133900,4.0,14.6,2,2.9,41,107,1017,35,72,107
170527,133920,4.0,14.6,3,2.1,42,107,1018,35,72,107
170527,133940,4.0,14.6,2,2.5,41,106,1018,35,72,106
170527,134000,4.0,14.6,2,2.6,40,105,1017,36,72,105
170527,134020,4.0,14.5,2,3,40,105,1017,36,72,105
170527,134040,4.0,14.5,2,2.8,41,105,1017,36,72,105
170527,134059,4.0,14.5,2,2.9,40,105,1017,37,72,105
170527,134119,4.0,7.7,4,3.3,41,105,1017,36,72,105
170527,134139,4.0,14.5,2,3.2,41,105,1017,37,73,105
170527,134159,4.0,14.5,2,3.3,41,105,1017,36,73,105
170527,134219,4.0,14.6,2,4,41,105,1017,36,73,105
170527,134239,4.0,14.6,2,3.7,40,105,1017,37,73,105
170527,134259,4.0,14.6,2,3.8,40,105,1017,37,73,105
170527,134319,4.0,14.6,2,3.8,41,105,1017,37,73,105
170527,134339,4.0,14.6,2,3.9,40,104,1017,37,72,104
170527,134359,4.0,14.5,2,4,40,104,1017,39,73,104
170527,134419,4.0,14.5,2,3.7,40,104,1017,38,73,104
170527,134439,4.0,14.5,2,3.7,39,103,1017,39,72,103
170527,134459,4.0,14.4,2,3.7,39,103,1017,39,73,103
170527,134519,4.0,14.4,2,3.8,39,103,1017,39,72,103
170527,134539,4.0,14.4,2,3.7,39,103,1017,39,73,103
170527,134558,4.0,14.5,2,3.9,39,102,1017,40,73,114
170527,134618,4.0,14.4,2,3.6,39,103,1017,40,74,116
170527,134638,4.0,14.4,2,3.8,39,103,1017,38,72,103
170527,134658,4.0,14.3,1,4.4,39,103,1017,39,72,103
170527,134718,4.0,14.3,1,4.2,39,103,1017,40,74,115
170527,134738,4.0,14.2,2,4.1,39,103,1017,39,72,103
170527,134758,4.0,14.3,2,4.1,39,103,1017,39,73,103
170527,134818,4.0,14.1,1,4.2,39,103,1017,40,73,103
170527,134838,4.0,14.2,1,4.2,39,102,1017,39,72,102